,id,order
0,ID-002-528,1
1,ID-003-270,1
2,ID-004-742,1
3,ID-005-497,20
4,ID-018-195,19
5,ID-019-410,19
6,ID-006-400,18
7,ID-013-399,15
8,ID-014-944,17
9,ID-015-251,10
10,ID-016-980,11
11,ID-007-148,21
12,ID-008-662,22
13,ID-009-878,21
14,ID-037-380,20
15,ID-010-747,21
16,ID-011-599,22
17,ID-012-524,1
18,ID-047-939,13
19,ID-048-126,14
20,ID-062-375,15
21,ID-063-325,16
22,ID-069-498,6
23,ID-070-555,7
24,ID-071-274,8
25,ID-072-840,9
26,ID-017-925,18
27,ID-020-312,20
28,ID-021-108,11
29,ID-022-200,12
30,ID-023-455,13
31,ID-024-388,21
32,ID-025-803,1
33,ID-026-947,1
34,ID-027-918,2
35,ID-028-310,1
36,ID-029-120,16
37,ID-083-154,14
38,ID-084-311,6
39,ID-085-702,15
40,ID-030-975,17
41,ID-031-676,18
42,ID-032-983,19
43,ID-033-245,12
44,ID-096-214,9
45,ID-097-378,10
46,ID-098-535,11
47,ID-034-332,13
48,ID-035-201,13
49,ID-036-676,14
50,ID-038-716,1
51,ID-039-217,21
52,ID-040-243,21
53,ID-041-402,1
54,ID-042-189,21
55,ID-043-150,22
56,ID-044-498,1
57,ID-045-335,23
58,ID-046-240,23
59,ID-049-855,10
60,ID-050-720,11
61,ID-051-563,12
62,ID-052-345,8
63,ID-053-731,9
64,ID-054-887,1
65,ID-055-848,5
66,ID-056-519,6
67,ID-057-425,7
68,ID-058-363,1
69,ID-059-251,2
70,ID-060-849,3
71,ID-061-296,4
72,ID-064-653,1
73,ID-065-906,11
74,ID-066-826,12
75,ID-067-967,13
76,ID-068-774,14
77,ID-073-450,2
78,ID-074-451,3
79,ID-075-266,1
80,ID-076-997,2
81,ID-077-281,4
82,ID-078-914,5
83,ID-079-466,1
84,ID-080-677,2
85,ID-081-480,3
86,ID-082-718,4
87,ID-086-474,12
88,ID-087-286,13
89,ID-088-916,4
90,ID-089-723,5
91,ID-090-485,11
92,ID-091-105,2
93,ID-093-937,1
94,ID-094-369,2
95,ID-095-734,3
96,ID-092-720,12
97,ID-099-829,7
98,ID-100-476,3
99,ID-101-626,3
100,ID-102-525,8
